path	type	group	purpose	deps	size	decision	target_path	notes
core/skills/accessibility/SKILL.md	skill	core-skills	Design, implement, and audit inclusive digital products using WCAG 2.2 Level AA		146	keep		user approved proposed-cuts (keep)
core/skills/agent-architecture-audit/SKILL.md	skill	core-skills	Full-stack diagnostic for agent and LLM applications. Audits the 12-layer agent stack for wrapper regression, memory pollution, tool discipl		256	keep		user approved proposed-cuts (keep)
core/skills/agent-eval/SKILL.md	skill	core-skills	Head-to-head comparison of coding agents (Claude Code, Aider, Codex, etc.) on custom tasks with pass rate, cost, time, and consistency metri		145	keep		user approved proposed-cuts (keep)
core/skills/agent-harness-construction/SKILL.md	skill	core-skills	Design and optimize AI agent action spaces, tool definitions, and observation formatting for higher completion rates.		73	keep		user approved proposed-cuts (keep)
core/skills/agent-introspection-debugging/SKILL.md	skill	core-skills	Structured self-debugging workflow for AI agent failures using capture, diagnosis, contained recovery, and introspection reports.		153	keep		user approved proposed-cuts (keep)
core/skills/agent-payment-x402/SKILL.md	skill	core-skills	Add x402 payment execution to AI agents with per-task budgets, spending controls, and non-custodial wallets. Supports Base through agentwall		224	cut		user approved proposed-cuts (cut)
core/skills/agent-sort/SKILL.md	skill	core-skills	Build an evidence-backed ECC install plan for a specific repo by sorting skills, commands, rules, hooks, and extras into DAILY vs LIBRARY bu		215	cut		user approved proposed-cuts (cut)
core/skills/agentic-engineering/SKILL.md	skill	core-skills	Operate as an agentic engineer using eval-first execution, decomposition, and cost-aware model routing.		63	keep		user approved proposed-cuts (keep)
core/skills/agentic-os/SKILL.md	skill	core-skills	Build persistent multi-agent operating systems on Claude Code. Covers kernel architecture, specialist agents, slash commands, file-based mem		387	keep		user approved proposed-cuts (keep)
core/skills/ai-first-engineering/SKILL.md	skill	core-skills	Engineering operating model for teams where AI agents generate a large share of implementation output.		51	keep		user approved proposed-cuts (keep)
core/skills/ai-regression-testing/SKILL.md	skill	core-skills	Regression testing strategies for AI-assisted development. Sandbox-mode API testing without database dependencies, automated bug-check workf		385	keep		user approved proposed-cuts (keep)
core/skills/android-clean-architecture/SKILL.md	skill	core-skills	Clean Architecture patterns for Android and Kotlin Multiplatform projects — module structure, dependency rules, UseCases, Repositories, and 		339	cut		user approved proposed-cuts (cut)
core/skills/angular-developer/SKILL.md	skill	core-skills	Generates Angular code and provides architectural guidance. Trigger when creating projects, components, or services, or for best practices o	bundles 36 files (refs/scripts travel together)	154	cut		user approved proposed-cuts (cut)
core/skills/api-connector-builder/SKILL.md	skill	core-skills	Build a new API connector or provider by matching the target repo's existing integration pattern exactly. Use when adding one more integrati		120	keep		user approved proposed-cuts (keep)
core/skills/api-design/SKILL.md	skill	core-skills	REST API design patterns including resource naming, status codes, pagination, filtering, error responses, versioning, and rate limiting for 		523	keep		user approved proposed-cuts (keep)
core/skills/architecture-decision-records/SKILL.md	skill	core-skills	Capture architectural decisions made during Claude Code sessions as structured ADRs. Auto-detects decision moments, records context, alterna		179	keep		user approved proposed-cuts (keep)
core/skills/article-writing/SKILL.md	skill	core-skills	Write articles, guides, blog posts, tutorials, newsletter issues, and other long-form content in a distinctive voice derived from supplied e		79	cut		user approved proposed-cuts (cut)
core/skills/automation-audit-ops/SKILL.md	skill	core-skills	Evidence-first automation inventory and overlap audit workflow for ECC. Use when the user wants to know which jobs, hooks, connectors, MCP s		142	cut		user approved proposed-cuts (cut)
core/skills/autonomous-agent-harness/SKILL.md	skill	core-skills	Transform Claude Code into a fully autonomous agent system with persistent memory, scheduled operations, computer use, and task queuing. Rep		273	keep		user approved proposed-cuts (keep)
core/skills/autonomous-loops/SKILL.md	skill	core-skills	Patterns and architectures for autonomous Claude Code loops — from simple sequential pipelines to RFC-driven multi-agent DAG systems.		610	keep		user approved proposed-cuts (keep)
core/skills/backend-patterns/SKILL.md	skill	core-skills	Backend architecture patterns, API design, database optimization, and server-side best practices for Node.js, Express, and Next.js API route		561	keep		user approved proposed-cuts (keep)
core/skills/benchmark-optimization-loop/SKILL.md	skill	core-skills	Use when the user asks to make something faster, try many variants, run recursive optimization, benchmark latency/throughput/cost, or choose		69	keep		user approved proposed-cuts (keep)
core/skills/benchmark/SKILL.md	skill	core-skills	Use this skill to measure performance baselines, detect regressions before/after PRs, and compare stack alternatives.		93	keep		user approved proposed-cuts (keep)
core/skills/blender-motion-state-inspection/SKILL.md	skill	core-skills	Use this skill when inspecting Blender characters, rigs, poses, animation retargeting, ground contact, facing direction, or model-vs-motion 		164	cut		user approved proposed-cuts (cut)
core/skills/blueprint/SKILL.md	skill	core-skills	>-		105	keep		user approved proposed-cuts (keep)
core/skills/brand-voice/SKILL.md	skill	core-skills	Build a source-derived writing style profile from real posts, essays, launch notes, docs, or site copy, then reuse that profile across conte	bundles 2 files (refs/scripts travel together)	97	cut		user approved proposed-cuts (cut)
core/skills/browser-qa/SKILL.md	skill	core-skills	Use this skill to automate visual testing and UI interaction verification using browser automation after deploying features.		87	keep		user approved proposed-cuts (keep)
core/skills/bun-runtime/SKILL.md	skill	core-skills	Bun as runtime, package manager, bundler, and test runner. When to choose Bun vs Node, migration notes, and Vercel support.		84	keep		user approved proposed-cuts (keep)
core/skills/canary-watch/SKILL.md	skill	core-skills	Use this skill to monitor and verify a deployed URL after releases — checks HTTP endpoints, SSE streams, static assets, console errors, and 		107	keep		user approved proposed-cuts (keep)
core/skills/carrier-relationship-management/SKILL.md	skill	core-skills	>		212	cut		user approved proposed-cuts (cut)
core/skills/cisco-ios-patterns/SKILL.md	skill	core-skills	Cisco IOS and IOS-XE review patterns for show commands, config hierarchy, wildcard masks, ACL placement, interface hygiene, and safe change-		163	cut		user approved proposed-cuts (cut)
core/skills/ck/SKILL.md	skill	core-skills	Persistent per-project memory for Claude Code. Auto-loads project context on session start, tracks sessions with git activity, and writes to	bundles 10 files (refs/scripts travel together)	147	keep		user approved proposed-cuts (keep)
core/skills/claude-devfleet/SKILL.md	skill	core-skills	Orchestrate multi-agent coding tasks via Claude DevFleet — plan projects, dispatch parallel agents in isolated worktrees, monitor progress, 		103	keep		user approved proposed-cuts (keep)
core/skills/click-path-audit/SKILL.md	skill	core-skills	Trace every user-facing button/touchpoint through its full state change sequence to find bugs where functions individually work but cancel e		244	keep		user approved proposed-cuts (keep)
core/skills/clickhouse-io/SKILL.md	skill	core-skills	ClickHouse database patterns, query optimization, analytics, and data engineering best practices for high-performance analytical workloads.		439	keep		user approved proposed-cuts (keep)
core/skills/code-tour/SKILL.md	skill	core-skills	Create CodeTour `.tour` files — persona-targeted, step-by-step walkthroughs with real file and line anchors. Use for onboarding tours, archi		236	keep		user approved proposed-cuts (keep)
core/skills/codebase-onboarding/SKILL.md	skill	core-skills	Analyze an unfamiliar codebase and generate a structured onboarding guide with architecture map, key entry points, conventions, and a starte		233	keep		user approved proposed-cuts (keep)
core/skills/coding-standards/SKILL.md	skill	core-skills	Baseline cross-project coding conventions for naming, readability, immutability, and code-quality review. Use detailed frontend or backend s		549	keep		user approved proposed-cuts (keep)
core/skills/compose-multiplatform-patterns/SKILL.md	skill	core-skills	Compose Multiplatform and Jetpack Compose patterns for KMP projects — state management, navigation, theming, performance, and platform-speci		299	cut		user approved proposed-cuts (cut)
core/skills/configure-ecc/SKILL.md	skill	core-skills	Interactive installer for Everything Claude Code — guides users through selecting and installing skills and rules to user-level or project-l		384	cut		user approved proposed-cuts (cut)
core/skills/connections-optimizer/SKILL.md	skill	core-skills	Reorganize the user's X and LinkedIn network with review-first pruning, add/follow recommendations, and channel-specific warm outreach draft		189	cut		user approved proposed-cuts (cut)
core/skills/content-engine/SKILL.md	skill	core-skills	Create platform-native content systems for X, LinkedIn, TikTok, YouTube, newsletters, and repurposed multi-platform campaigns. Use when the 		131	cut		user approved proposed-cuts (cut)
core/skills/content-hash-cache-pattern/SKILL.md	skill	core-skills	Cache expensive file processing results using SHA-256 content hashes — path-independent, auto-invalidating, with service layer separation.		161	keep		user approved proposed-cuts (keep)
core/skills/context-budget/SKILL.md	skill	core-skills	Audits Claude Code context window consumption across agents, skills, MCP servers, and rules. Identifies bloat, redundant components, and pro		135	keep		user approved proposed-cuts (keep)
core/skills/continuous-agent-loop/SKILL.md	skill	core-skills	Patterns for continuous autonomous agent loops with quality gates, evals, and recovery controls.		45	keep		user approved proposed-cuts (keep)
core/skills/continuous-learning-v2/SKILL.md	skill	core-skills	Instinct-based learning system that observes sessions via hooks, creates atomic instincts with confidence scoring, and evolves them into ski	bundles 12 files (refs/scripts travel together)	360	keep		user approved proposed-cuts (keep)
core/skills/continuous-learning/SKILL.md	skill	core-skills	[DEPRECATED - use continuous-learning-v2] Legacy v1 stop-hook skill extractor. v2 is a strict superset with instinct-based, project-scoped, 	bundles 3 files (refs/scripts travel together)	131	cut		user approved proposed-cuts (cut)
core/skills/cost-aware-llm-pipeline/SKILL.md	skill	core-skills	Cost optimization patterns for LLM API usage — model routing by task complexity, budget tracking, retry logic, and prompt caching.		183	keep		user approved proposed-cuts (keep)
core/skills/cost-tracking/SKILL.md	skill	core-skills	Track and report Claude Code token usage, spending, and budgets from a local cost-tracking database. Use when the user asks about costs, spe		147	cut		user approved proposed-cuts (cut)
core/skills/council/SKILL.md	skill	core-skills	Convene a four-voice council for ambiguous decisions, tradeoffs, and go/no-go calls. Use when multiple valid paths exist and you need struct		203	keep		user approved proposed-cuts (keep)
core/skills/cpp-coding-standards/SKILL.md	skill	core-skills	C++ coding standards based on the C++ Core Guidelines (isocpp.github.io). Use when writing, reviewing, or refactoring C++ code to enforce mo		723	cut		user approved proposed-cuts (cut)
core/skills/cpp-testing/SKILL.md	skill	core-skills	Use only when writing/updating/fixing C++ tests, configuring GoogleTest/CTest, diagnosing failing or flaky tests, or adding coverage/sanitiz		324	cut		user approved proposed-cuts (cut)
core/skills/crosspost/SKILL.md	skill	core-skills	Multi-platform content distribution across X, LinkedIn, Threads, and Bluesky. Adapts content per platform using content-engine patterns. Nev		111	cut		user approved proposed-cuts (cut)
core/skills/customer-billing-ops/SKILL.md	skill	core-skills	Operate customer billing workflows such as subscriptions, refunds, churn triage, billing-portal recovery, and plan analysis using connected 		140	cut		user approved proposed-cuts (cut)
core/skills/customs-trade-compliance/SKILL.md	skill	core-skills	>		263	cut		user approved proposed-cuts (cut)
core/skills/dashboard-builder/SKILL.md	skill	core-skills	Build monitoring dashboards that answer real operator questions for Grafana, SigNoz, and similar platforms. Use when turning metrics into a 		108	keep		user approved proposed-cuts (keep)
core/skills/data-scraper-agent/SKILL.md	skill	core-skills	Build a fully automated AI-powered data collection agent for any public source — job boards, prices, news, GitHub, sports, anything. Scrapes		764	cut		user approved proposed-cuts (cut)
core/skills/data-throughput-accelerator/SKILL.md	skill	core-skills	Use when large data ingestion, backfill, export, ETL, warehouse loading, manifest catch-up, or table synchronization needs to become much fa		72	keep		user approved proposed-cuts (keep)
core/skills/database-migrations/SKILL.md	skill	core-skills	Database migration best practices for schema changes, data migrations, rollbacks, and zero-downtime deployments across PostgreSQL, MySQL, an		429	keep		user approved proposed-cuts (keep)
core/skills/deep-research/SKILL.md	skill	core-skills	Multi-source deep research using firecrawl and exa MCPs. Searches the web, synthesizes findings, and delivers cited reports with source attr		159	keep		user approved proposed-cuts (keep)
core/skills/defi-amm-security/SKILL.md	skill	core-skills	Security checklist for Solidity AMM contracts, liquidity pools, and swap flows. Covers reentrancy, CEI ordering, donation or inflation attac		166	cut		user approved proposed-cuts (cut)
core/skills/deployment-patterns/SKILL.md	skill	core-skills	Deployment workflows, CI/CD pipeline patterns, Docker containerization, health checks, rollback strategies, and production readiness checkli		427	keep		user approved proposed-cuts (keep)
core/skills/design-system/SKILL.md	skill	core-skills	Use this skill to generate or audit design systems, check visual consistency, and review PRs that touch styling.		82	keep		user approved proposed-cuts (keep)
core/skills/django-celery/SKILL.md	skill	core-skills	Django + Celery async task patterns — configuration, task design, beat scheduling, retries, canvas workflows, monitoring, and testing. Use w		457	keep		user approved proposed-cuts (keep)
core/skills/django-patterns/SKILL.md	skill	core-skills	Django architecture patterns, REST API design with DRF, ORM best practices, caching, signals, middleware, and production-grade Django apps.		734	keep		user approved proposed-cuts (keep)
core/skills/django-security/SKILL.md	skill	core-skills	Django security best practices, authentication, authorization, CSRF protection, SQL injection prevention, XSS prevention, and secure deploym		593	keep		user approved proposed-cuts (keep)
core/skills/django-tdd/SKILL.md	skill	core-skills	Django testing strategies with pytest-django, TDD methodology, factory_boy, mocking, coverage, and testing Django REST Framework APIs.		729	keep		user approved proposed-cuts (keep)
core/skills/django-verification/SKILL.md	skill	core-skills	Verification loop for Django projects: migrations, linting, tests with coverage, security scans, and deployment readiness checks before rele		469	keep		user approved proposed-cuts (keep)
core/skills/dmux-workflows/SKILL.md	skill	core-skills	Multi-agent orchestration using dmux (tmux pane manager for AI agents). Patterns for parallel agent workflows across Claude Code, Codex, Ope		191	keep		user approved proposed-cuts (keep)
core/skills/docker-patterns/SKILL.md	skill	core-skills	Docker and Docker Compose patterns for local development, container security, networking, volume strategies, and multi-service orchestration		364	keep		user approved proposed-cuts (keep)
core/skills/documentation-lookup/SKILL.md	skill	core-skills	Use up-to-date library and framework docs via Context7 MCP instead of training data. Activates for setup questions, API references, code exa		90	keep		user approved proposed-cuts (keep)
core/skills/e2e-testing/SKILL.md	skill	core-skills	Playwright E2E testing patterns, Page Object Model, configuration, CI/CD integration, artifact management, and flaky test strategies.		326	keep		user approved proposed-cuts (keep)
core/skills/ecc-guide/SKILL.md	skill	core-skills	Guide users through ECC's current agents, skills, commands, hooks, rules, install profiles, and project onboarding by reading the live repos		189	cut		user approved proposed-cuts (cut)
core/skills/ecc-tools-cost-audit/SKILL.md	skill	core-skills	Evidence-first ECC Tools burn and billing audit workflow. Use when investigating runaway PR creation, quota bypass, premium-model leakage, d		160	cut		user approved proposed-cuts (cut)
core/skills/email-ops/SKILL.md	skill	core-skills	Evidence-first mailbox triage, drafting, send verification, and sent-mail-safe follow-up workflow for ECC. Use when the user wants to organi		121	cut		user approved proposed-cuts (cut)
core/skills/energy-procurement/SKILL.md	skill	core-skills	>		228	cut		user approved proposed-cuts (cut)
core/skills/enterprise-agent-ops/SKILL.md	skill	core-skills	Operate long-lived agent workloads with observability, security boundaries, and lifecycle management.		50	keep		user approved proposed-cuts (keep)
core/skills/error-handling/SKILL.md	skill	core-skills	Patterns for robust error handling across TypeScript, Python, and Go. Covers typed errors, error boundaries, retries, circuit breakers, and 		376	keep		user approved proposed-cuts (keep)
core/skills/eval-harness/SKILL.md	skill	core-skills	Formal evaluation framework for Claude Code sessions implementing eval-driven development (EDD) principles		270	keep		user approved proposed-cuts (keep)
core/skills/evm-token-decimals/SKILL.md	skill	core-skills	Prevent silent decimal mismatch bugs across EVM chains. Covers runtime decimal lookup, chain-aware caching, bridged-token precision drift, a		130	cut		user approved proposed-cuts (cut)
core/skills/exa-search/SKILL.md	skill	core-skills	Neural search via Exa MCP for web, code, and company research. Use when the user needs web search, code examples, company intel, people look		107	keep		user approved proposed-cuts (keep)
core/skills/fal-ai-media/SKILL.md	skill	core-skills	Unified media generation via fal.ai MCP — image, video, and audio. Covers text-to-image (Nano Banana), text/image-to-video (Seedance, Kling,		288	cut		user approved proposed-cuts (cut)
core/skills/fastapi-patterns/SKILL.md	skill	core-skills	FastAPI patterns for async APIs, dependency injection, Pydantic request and response models, OpenAPI docs, tests, security, and production r		327	keep		user approved proposed-cuts (keep)
core/skills/finance-billing-ops/SKILL.md	skill	core-skills	Evidence-first revenue, pricing, refunds, team-billing, and billing-model truth workflow for ECC. Use when the user wants a sales snapshot, 		127	cut		user approved proposed-cuts (cut)
core/skills/flox-environments/SKILL.md	skill	core-skills	Create reproducible, cross-platform development environments with Flox — a declarative environment manager built on Nix. ALWAYS use this ski		496	cut		user approved proposed-cuts (cut)
core/skills/foundation-models-on-device/SKILL.md	skill	core-skills	Apple FoundationModels framework for on-device LLM — text generation, guided generation with @Generable, tool calling, and snapshot streamin		243	cut		user approved proposed-cuts (cut)
core/skills/frontend-a11y/SKILL.md	skill	core-skills	>		446	keep		user approved proposed-cuts (keep)
core/skills/frontend-design-direction/SKILL.md	skill	core-skills	Set an ECC-specific frontend design direction for production UI work. Use when building or improving websites, dashboards, applications, com		92	keep		user approved proposed-cuts (keep)
core/skills/frontend-patterns/SKILL.md	skill	core-skills	Frontend development patterns for React, Next.js, state management, performance optimization, and UI best practices.		642	keep		user approved proposed-cuts (keep)
core/skills/frontend-slides/SKILL.md	skill	core-skills	Create stunning, animation-rich HTML presentations from scratch or by converting PowerPoint files. Use when the user wants to build a presen	bundles 7 files (refs/scripts travel together)	184	cut		user approved proposed-cuts (cut)
core/skills/gan-style-harness/SKILL.md	skill	core-skills	GAN-inspired Generator-Evaluator agent harness for building high-quality applications autonomously. Based on Anthropic's March 2026 harness 		278	cut		user approved proposed-cuts (cut)
core/skills/gateguard/SKILL.md	skill	core-skills	Fact-forcing gate that blocks Edit/Write/Bash (including MultiEdit) and demands concrete investigation (importers, data schemas, user instru		125	keep		user approved proposed-cuts (keep)
core/skills/git-workflow/SKILL.md	skill	core-skills	Git workflow patterns including branching strategies, commit conventions, merge vs rebase, conflict resolution, and collaborative developmen		715	keep		user approved proposed-cuts (keep)
core/skills/github-ops/SKILL.md	skill	core-skills	GitHub repository operations, automation, and management. Issue triage, PR management, CI/CD operations, release management, and security mo		144	keep		user approved proposed-cuts (keep)
core/skills/google-workspace-ops/SKILL.md	skill	core-skills	Operate across Google Drive, Docs, Sheets, and Slides as one workflow surface for plans, trackers, decks, and shared documents. Use when the		95	cut		user approved proposed-cuts (cut)
core/skills/healthcare-cdss-patterns/SKILL.md	skill	core-skills	Clinical Decision Support System (CDSS) development patterns. Drug interaction checking, dose validation, clinical scoring (NEWS2, qSOFA), a		245	cut		user approved proposed-cuts (cut)
core/skills/healthcare-emr-patterns/SKILL.md	skill	core-skills	EMR/EHR development patterns for healthcare applications. Clinical safety, encounter workflows, prescription generation, clinical decision s		159	cut		user approved proposed-cuts (cut)
core/skills/healthcare-eval-harness/SKILL.md	skill	core-skills	Patient safety evaluation harness for healthcare application deployments. Automated test suites for CDSS accuracy, PHI exposure, clinical wo		207	cut		user approved proposed-cuts (cut)
core/skills/healthcare-phi-compliance/SKILL.md	skill	core-skills	Protected Health Information (PHI) and Personally Identifiable Information (PII) compliance patterns for healthcare applications. Covers dat		145	cut		user approved proposed-cuts (cut)
core/skills/hermes-imports/SKILL.md	skill	core-skills	Convert local Hermes operator workflows into sanitized ECC skills and release-pack artifacts. Use when preparing a Hermes workflow for publi		88	cut		user approved proposed-cuts (cut)
core/skills/hexagonal-architecture/SKILL.md	skill	core-skills	Design, implement, and refactor Ports & Adapters systems with clear domain boundaries, dependency inversion, and testable use-case orchestra		276	keep		user approved proposed-cuts (keep)
core/skills/hipaa-compliance/SKILL.md	skill	core-skills	HIPAA-specific entrypoint for healthcare privacy and security work. Use when a task is explicitly framed around HIPAA, PHI handling, covered		78	cut		user approved proposed-cuts (cut)
core/skills/homelab-network-readiness/SKILL.md	skill	core-skills	Readiness checklist for homelab VLAN segmentation, local DNS filtering, and WireGuard-style remote access before changing router, firewall, 		169	cut		user approved proposed-cuts (cut)
core/skills/homelab-network-setup/SKILL.md	skill	core-skills	Practical home and homelab network planning for gateways, switches, access points, IP ranges, DHCP reservations, DNS, cabling, and common be		129	cut		user approved proposed-cuts (cut)
core/skills/homelab-pihole-dns/SKILL.md	skill	core-skills	Pi-hole installation, blocklist management, DNS-over-HTTPS setup, DHCP integration, local DNS records, and troubleshooting broken DNS resolu		274	cut		user approved proposed-cuts (cut)
core/skills/homelab-vlan-segmentation/SKILL.md	skill	core-skills	Segmenting home networks into VLANs for IoT, guest, trusted, and server traffic using UniFi, pfSense/OPNsense, and MikroTik — including swit		311	cut		user approved proposed-cuts (cut)
core/skills/homelab-wireguard-vpn/SKILL.md	skill	core-skills	WireGuard VPN server setup, peer configuration, key generation, split tunneling vs full tunnel routing, and remote access to a home network 		305	cut		user approved proposed-cuts (cut)
core/skills/hookify-rules/SKILL.md	skill	core-skills	This skill should be used when the user asks to create a hookify rule, write a hook rule, configure hookify, add a hookify rule, or needs gu		128	keep		user approved proposed-cuts (keep)
core/skills/inventory-demand-planning/SKILL.md	skill	core-skills	>		247	cut		user approved proposed-cuts (cut)
core/skills/investor-materials/SKILL.md	skill	core-skills	Create and update pitch decks, one-pagers, investor memos, accelerator applications, financial models, and fundraising materials. Use when t		96	cut		user approved proposed-cuts (cut)
core/skills/investor-outreach/SKILL.md	skill	core-skills	Draft cold emails, warm intro blurbs, follow-ups, update emails, and investor communications for fundraising. Use when the user wants outrea		91	cut		user approved proposed-cuts (cut)
core/skills/ios-icon-gen/SKILL.md	skill	core-skills	Generate iOS app icons as PNG imagesets for Xcode asset catalogs from SF Symbols (5000+ Apple-native) or Iconify API (275k+ open source icon	bundles 3 files (refs/scripts travel together)	157	cut		user approved proposed-cuts (cut)
core/skills/iterative-retrieval/SKILL.md	skill	core-skills	Pattern for progressively refining context retrieval to solve the subagent context problem		211	keep		user approved proposed-cuts (keep)
core/skills/ito-basket-compare/SKILL.md	skill	core-skills	Compare Itô prediction-market baskets against a user's knowledge base, portfolio notes, financial context, watchlist, or research thesis. Us		63	cut		user approved proposed-cuts (cut)
core/skills/ito-data-atlas-agent/SKILL.md	skill	core-skills	Design background Data Atlas style agents for Itô basket research, market discovery, parameter drafting, and human-in-the-loop editing. Use 		63	cut		user approved proposed-cuts (cut)
core/skills/ito-market-intelligence/SKILL.md	skill	core-skills	Research prediction-market events, venues, underliers, liquidity, and news context for Itô basket workflows. Use for read-only market intell		60	cut		user approved proposed-cuts (cut)
core/skills/ito-trade-planner/SKILL.md	skill	core-skills	Build a non-advisory prediction-market trade planning worksheet for Itô or venue workflows. Use to inspect venues, underliers, constraints, 		67	cut		user approved proposed-cuts (cut)
core/skills/jira-integration/SKILL.md	skill	core-skills	Use this skill when retrieving Jira tickets, analyzing requirements, updating ticket status, adding comments, or transitioning issues. Provi		293	cut		user approved proposed-cuts (cut)
core/skills/jpa-patterns/SKILL.md	skill	core-skills	JPA/Hibernate patterns for entity design, relationships, query optimization, transactions, auditing, indexing, pagination, and pooling in Sp		151	cut		user approved proposed-cuts (cut)
core/skills/knowledge-ops/SKILL.md	skill	core-skills	Knowledge base management, ingestion, sync, and retrieval across multiple storage layers (local files, MCP memory, vector stores, Git repos)		154	cut		user approved proposed-cuts (cut)
core/skills/laravel-patterns/SKILL.md	skill	core-skills	Laravel architecture patterns, routing/controllers, Eloquent ORM, service layers, queues, events, caching, and API resources for production 		415	cut		user approved proposed-cuts (cut)
core/skills/laravel-plugin-discovery/SKILL.md	skill	core-skills	Discover and evaluate Laravel packages via LaraPlugins.io MCP. Use when the user wants to find plugins, check package health, or assess Lara		229	cut		user approved proposed-cuts (cut)
core/skills/laravel-security/SKILL.md	skill	core-skills	Laravel security best practices for authn/authz, validation, CSRF, mass assignment, file uploads, secrets, rate limiting, and secure deploym		285	cut		user approved proposed-cuts (cut)
core/skills/laravel-tdd/SKILL.md	skill	core-skills	Test-driven development for Laravel with PHPUnit and Pest, factories, database testing, fakes, and coverage targets.		283	cut		user approved proposed-cuts (cut)
core/skills/laravel-verification/SKILL.md	skill	core-skills	Verification loop for Laravel projects: env checks, linting, static analysis, tests with coverage, security scans, and deployment readiness.		179	cut		user approved proposed-cuts (cut)
core/skills/latency-critical-systems/SKILL.md	skill	core-skills	Use for latency-sensitive systems such as realtime dashboards, market data, streaming agents, execution gateways, queues, caches, or HFT-lik		73	keep		user approved proposed-cuts (keep)
core/skills/lead-intelligence/SKILL.md	skill	core-skills	AI-native lead intelligence and outreach pipeline. Replaces Apollo, Clay, and ZoomInfo with agent-powered signal scoring, mutual ranking, wa	bundles 5 files (refs/scripts travel together)	321	cut		user approved proposed-cuts (cut)
core/skills/liquid-glass-design/SKILL.md	skill	core-skills	iOS 26 Liquid Glass design system — dynamic glass material with blur, reflection, and interactive morphing for SwiftUI, UIKit, and WidgetKit		279	cut		user approved proposed-cuts (cut)
core/skills/llm-trading-agent-security/SKILL.md	skill	core-skills	Security patterns for autonomous trading agents with wallet or transaction authority. Covers prompt injection, spend limits, pre-send simula		146	cut		user approved proposed-cuts (cut)
core/skills/logistics-exception-management/SKILL.md	skill	core-skills	>		222	cut		user approved proposed-cuts (cut)
core/skills/make-interfaces-feel-better/SKILL.md	skill	core-skills	Apply concrete design-engineering details that make interfaces feel polished. Use when reviewing or improving UI spacing, typography, border		151	keep		user approved proposed-cuts (keep)
core/skills/manim-video/SKILL.md	skill	core-skills	Build reusable Manim explainers for technical concepts, graphs, system diagrams, and product walkthroughs, then hand off to the wider ECC vi	bundles 2 files (refs/scripts travel together)	89	cut		user approved proposed-cuts (cut)
core/skills/market-research/SKILL.md	skill	core-skills	Conduct market research, competitive analysis, investor due diligence, and industry intelligence with source attribution and decision-orient		75	cut		user approved proposed-cuts (cut)
core/skills/marketing-campaign/SKILL.md	skill	core-skills	End-to-end marketing campaign planning and execution. Covers audience research, positioning, campaign angle definition, landing page copy, e		113	cut		user approved proposed-cuts (cut)
core/skills/mcp-server-patterns/SKILL.md	skill	core-skills	Build MCP servers with Node/TypeScript SDK — tools, resources, prompts, Zod validation, stdio vs Streamable HTTP. Use Context7 or official M		69	keep		user approved proposed-cuts (keep)
core/skills/messages-ops/SKILL.md	skill	core-skills	Evidence-first live messaging workflow for ECC. Use when the user wants to read texts or DMs, recover a recent one-time code, inspect a thre		104	cut		user approved proposed-cuts (cut)
core/skills/mle-workflow/SKILL.md	skill	core-skills	Production machine-learning engineering workflow for data contracts, reproducible training, model evaluation, deployment, monitoring, and ro		346	keep		user approved proposed-cuts (keep)
core/skills/motion-advanced/SKILL.md	skill	core-skills	Advanced motion patterns for React / Next.js — drag & drop, gestures, text animations, SVG path drawing, custom hooks, imperative sequences 		596	keep		user approved proposed-cuts (keep)
core/skills/motion-foundations/SKILL.md	skill	core-skills	Motion tokens, spring presets, performance rules, device adaptation, accessibility enforcement, and SSR safety for React / Next.js using mot		299	keep		user approved proposed-cuts (keep)
core/skills/motion-patterns/SKILL.md	skill	core-skills	Production-ready animation patterns for React / Next.js — button, modal, toast, stagger, page transitions, exit animations, scroll, and layo		435	keep		user approved proposed-cuts (keep)
core/skills/motion-ui/SKILL.md	skill	core-skills	Production-ready UI motion system for React/Next.js. Use when implementing animations, transitions, or motion patterns.		575	keep		user approved proposed-cuts (keep)
core/skills/mysql-patterns/SKILL.md	skill	core-skills	MySQL and MariaDB schema, query, indexing, transaction, replication, and connection-pool patterns for production backends.		412	keep		user approved proposed-cuts (keep)
core/skills/nanoclaw-repl/SKILL.md	skill	core-skills	Operate and extend NanoClaw v2, ECC's zero-dependency session-aware REPL built on claude -p.		33	cut		user approved proposed-cuts (cut)
core/skills/nestjs-patterns/SKILL.md	skill	core-skills	NestJS architecture patterns for modules, controllers, providers, DTO validation, guards, interceptors, config, and production-grade TypeScr		230	keep		user approved proposed-cuts (keep)
core/skills/netmiko-ssh-automation/SKILL.md	skill	core-skills	Safe Python Netmiko patterns for read-only collection, bounded batch SSH, TextFSM parsing, guarded config changes, timeouts, and network aut		173	cut		user approved proposed-cuts (cut)
core/skills/network-bgp-diagnostics/SKILL.md	skill	core-skills	Diagnostics-only BGP troubleshooting patterns for neighbor state, route exchange, prefix policy, AS path inspection, and safe evidence colle		167	cut		user approved proposed-cuts (cut)
core/skills/network-config-validation/SKILL.md	skill	core-skills	Pre-deployment checks for router and switch configuration, including dangerous commands, duplicate addresses, subnet overlaps, stale referen		210	cut		user approved proposed-cuts (cut)
core/skills/network-interface-health/SKILL.md	skill	core-skills	Diagnose interface errors, drops, CRCs, duplex mismatches, flapping, speed negotiation issues, and counter trends on routers, switches, and 		152	cut		user approved proposed-cuts (cut)
core/skills/nextjs-turbopack/SKILL.md	skill	core-skills	Next.js 16+ and Turbopack — incremental bundling, FS caching, dev speed, and when to use Turbopack vs webpack.		57	keep		user approved proposed-cuts (keep)
core/skills/nodejs-keccak256/SKILL.md	skill	core-skills	Prevent Ethereum hashing bugs in JavaScript and TypeScript. Node's sha3-256 is NIST SHA3, not Ethereum Keccak-256, and silently breaks selec		102	cut		user approved proposed-cuts (cut)
core/skills/nutrient-document-processing/SKILL.md	skill	core-skills	Process, convert, OCR, extract, redact, sign, and fill documents using the Nutrient DWS API. Works with PDFs, DOCX, XLSX, PPTX, HTML, and im		167	cut		user approved proposed-cuts (cut)
core/skills/nuxt4-patterns/SKILL.md	skill	core-skills	Nuxt 4 app patterns for hydration safety, performance, route rules, lazy loading, and SSR-safe data fetching with useFetch and useAsyncData.		100	keep		user approved proposed-cuts (keep)
core/skills/openclaw-persona-forge/SKILL.md	skill	core-skills	为 OpenClaw AI Agent 锻造完整的龙虾灵魂方案。根据用户偏好或随机抽卡， 输出身份定位、灵魂描述(SOUL.md)、角色化底线规则、名字和头像生图提示词。 如当前环境提供已审核的生图 skill，可自动生成统一风格头像图片。 当用户需要创建、设计或定制 OpenC	bundles 9 files (refs/scripts travel together)	288	cut		user approved proposed-cuts (cut)
core/skills/opensource-pipeline/SKILL.md	skill	core-skills	Open-source pipeline: fork, sanitize, and package private projects for safe public release. Chains 3 agents (forker, sanitizer, packager). T		255	keep		user approved proposed-cuts (keep)
core/skills/parallel-execution-optimizer/SKILL.md	skill	core-skills	Use when the user wants a task done much faster through parallel work, concurrent agents, batched tool calls, isolated worktrees, or many in		72	keep		user approved proposed-cuts (keep)
core/skills/plan-orchestrate/SKILL.md	skill	core-skills	Read a plan document, decompose it into steps, design a per-step agent chain from the ECC catalogue, and emit ready-to-paste /orchestrate cu		262	keep		user approved proposed-cuts (keep)
core/skills/plankton-code-quality/SKILL.md	skill	core-skills	Write-time code quality enforcement using Plankton — auto-formatting, linting, and Claude-powered fixes on every file edit via hooks.		236	keep		user approved proposed-cuts (keep)
core/skills/postgres-patterns/SKILL.md	skill	core-skills	PostgreSQL database patterns for query optimization, schema design, indexing, and security. Based on Supabase best practices.		147	keep		user approved proposed-cuts (keep)
core/skills/prediction-market-oracle-research/SKILL.md	skill	core-skills	Research prediction markets as data sources or oracle signals for products, agents, dashboards, and corporate decision intelligence. Use for		63	cut		user approved proposed-cuts (cut)
core/skills/prediction-market-risk-review/SKILL.md	skill	core-skills	Review prediction-market, basket, oracle, and trading-agent workflows for compliance, safety, data-quality, privacy, and execution risk. Use		60	cut		user approved proposed-cuts (cut)
core/skills/prisma-patterns/SKILL.md	skill	core-skills	Prisma ORM patterns for TypeScript backends — schema design, query optimization, transactions, pagination, and critical traps like updateMan		371	keep		user approved proposed-cuts (keep)
core/skills/product-capability/SKILL.md	skill	core-skills	Translate PRD intent, roadmap asks, or product discussions into an implementation-ready capability plan that exposes constraints, invariants		141	keep		user approved proposed-cuts (keep)
core/skills/product-lens/SKILL.md	skill	core-skills	Use this skill to validate the "why" before building, run product diagnostics, and pressure-test product direction before the request become		92	keep		user approved proposed-cuts (keep)
core/skills/production-audit/SKILL.md	skill	core-skills	Local-evidence production readiness audit for shipped apps, pre-launch reviews, post-merge checks, and "what breaks in prod?" questions with		206	keep		user approved proposed-cuts (keep)
core/skills/production-scheduling/SKILL.md	skill	core-skills	>		238	cut		user approved proposed-cuts (cut)
core/skills/project-flow-ops/SKILL.md	skill	core-skills	Operate execution flow across GitHub and Linear by triaging issues and pull requests, linking active work, and keeping GitHub public-facing 		111	cut		user approved proposed-cuts (cut)
core/skills/prompt-optimizer/SKILL.md	skill	core-skills	>-		398	keep		user approved proposed-cuts (keep)
core/skills/python-patterns/SKILL.md	skill	core-skills	Pythonic idioms, PEP 8 standards, type hints, and best practices for building robust, efficient, and maintainable Python applications.		750	keep		user approved proposed-cuts (keep)
core/skills/python-testing/SKILL.md	skill	core-skills	Python testing strategies using pytest, TDD methodology, fixtures, mocking, parametrization, and coverage requirements.		816	keep		user approved proposed-cuts (keep)
core/skills/pytorch-patterns/SKILL.md	skill	core-skills	PyTorch deep learning patterns and best practices for building robust, efficient, and reproducible training pipelines, model architectures, 		396	keep		user approved proposed-cuts (keep)
core/skills/quality-nonconformance/SKILL.md	skill	core-skills	>		260	cut		user approved proposed-cuts (cut)
core/skills/quarkus-patterns/SKILL.md	skill	core-skills	Quarkus 3.x LTS architecture patterns with Camel for messaging, RESTful API design, CDI services, data access with Panache, and async proces		722	cut		user approved proposed-cuts (cut)
core/skills/quarkus-security/SKILL.md	skill	core-skills	Quarkus Security best practices for authentication, authorization, JWT/OIDC, RBAC, input validation, CSRF, secrets management, and dependenc		467	cut		user approved proposed-cuts (cut)
core/skills/quarkus-tdd/SKILL.md	skill	core-skills	Test-driven development for Quarkus 3.x LTS using JUnit 5, Mockito, REST Assured, Camel testing, and JaCoCo. Use when adding features, fixin		811	cut		user approved proposed-cuts (cut)
core/skills/quarkus-verification/SKILL.md	skill	core-skills	Verification loop for Quarkus projects: build, static analysis, tests with coverage, security scans, native compilation, and diff review bef		479	cut		user approved proposed-cuts (cut)
core/skills/ralphinho-rfc-pipeline/SKILL.md	skill	core-skills	RFC-driven multi-agent DAG execution pattern with quality gates, merge queues, and work unit orchestration.		67	keep		user approved proposed-cuts (keep)
core/skills/recsys-pipeline-architect/SKILL.md	skill	core-skills	Design composable recommendation, ranking, and feed pipelines using the six-stage Source→Hydrator→Filter→Scorer→Selector→SideEffect framewor		114	cut		user approved proposed-cuts (cut)
core/skills/recursive-decision-ledger/SKILL.md	skill	core-skills	Use when the user asks for repeated rollouts, marked decision processes, high-dimensional search, stochastic optimization, local-optima expl		79	keep		user approved proposed-cuts (keep)
core/skills/redis-patterns/SKILL.md	skill	core-skills	Redis data structure patterns, caching strategies, distributed locks, rate limiting, pub/sub, and connection management for production appli		403	keep		user approved proposed-cuts (keep)
core/skills/regex-vs-llm-structured-text/SKILL.md	skill	core-skills	Decision framework for choosing between regex and LLM when parsing structured text — start with regex, add LLM only for low-confidence edge 		220	keep		user approved proposed-cuts (keep)
core/skills/remotion-video-creation/SKILL.md	skill	core-skills	Best practices for Remotion - Video creation in React. 29 domain-specific rules covering 3D, animations, audio, captions, charts, transition	bundles 32 files (refs/scripts travel together)	43	cut		user approved proposed-cuts (cut)
core/skills/repo-scan/SKILL.md	skill	core-skills	Cross-stack source code asset audit — classifies every file, detects embedded third-party libraries, and delivers actionable four-level verd		78	cut		user approved proposed-cuts (cut)
core/skills/research-ops/SKILL.md	skill	core-skills	Evidence-first current-state research workflow for ECC. Use when the user wants fresh facts, comparisons, enrichment, or a recommendation bu		112	cut		user approved proposed-cuts (cut)
core/skills/returns-reverse-logistics/SKILL.md	skill	core-skills	>		240	cut		user approved proposed-cuts (cut)
core/skills/rules-distill/SKILL.md	skill	core-skills	Scan skills to extract cross-cutting principles and distill them into rules — append, revise, or create new rule files	bundles 3 files (refs/scripts travel together)	264	keep		user approved proposed-cuts (keep)
core/skills/safety-guard/SKILL.md	skill	core-skills	Use this skill to prevent destructive operations when working on production systems or running agents autonomously.		75	keep		user approved proposed-cuts (keep)
core/skills/santa-method/SKILL.md	skill	core-skills	Multi-agent adversarial verification with convergence loop. Two independent review agents must both pass before output ships.		306	keep		user approved proposed-cuts (keep)
core/skills/scientific-db-pubmed-database/SKILL.md	skill	core-skills	Direct PubMed and NCBI E-utilities search workflows for biomedical literature, MeSH queries, PMID lookup, citation retrieval, and API-backed		175	cut		user approved proposed-cuts (cut)
core/skills/scientific-db-uspto-database/SKILL.md	skill	core-skills	USPTO patent and trademark data workflow for official record lookup, PatentSearch queries, TSDR checks, assignment data, and reproducible IP		177	cut		user approved proposed-cuts (cut)
core/skills/scientific-pkg-gget/SKILL.md	skill	core-skills	gget CLI and Python workflow for quick genomic database queries, sequence lookup, BLAST-style searches, enrichment checks, and reproducible 		166	cut		user approved proposed-cuts (cut)
core/skills/scientific-thinking-literature-review/SKILL.md	skill	core-skills	Systematic literature-review workflow for academic, biomedical, technical, and scientific topics, including search planning, source screenin		192	cut		user approved proposed-cuts (cut)
core/skills/scientific-thinking-scholar-evaluation/SKILL.md	skill	core-skills	Structured scholarly-work evaluation for papers, proposals, literature reviews, methods sections, evidence quality, citation support, and re		160	cut		user approved proposed-cuts (cut)
core/skills/search-first/SKILL.md	skill	core-skills	Research-before-coding workflow. Search for existing tools, libraries, and patterns before writing custom code. Invokes the researcher agent		182	keep		user approved proposed-cuts (keep)
core/skills/security-bounty-hunter/SKILL.md	skill	core-skills	Hunt for exploitable, bounty-worthy security issues in repositories. Focuses on remotely reachable vulnerabilities that qualify for real rep		99	keep		user approved proposed-cuts (keep)
core/skills/security-review/SKILL.md	skill	core-skills	Use this skill when adding authentication, handling user input, working with secrets, creating API endpoints, or implementing payment/sensit	bundles 2 files (refs/scripts travel together)	503	keep		user approved proposed-cuts (keep)
core/skills/security-scan/SKILL.md	skill	core-skills	Scan your Claude Code configuration (.claude/ directory) for security vulnerabilities, misconfigurations, and injection risks using AgentShi		165	keep		user approved proposed-cuts (keep)
core/skills/seo/SKILL.md	skill	core-skills	Audit, plan, and implement SEO improvements across technical SEO, on-page optimization, structured data, Core Web Vitals, and content strate		154	cut		user approved proposed-cuts (cut)
core/skills/skill-comply/SKILL.md	skill	core-skills	Visualize whether skills, rules, and agent definitions are actually followed — auto-generates scenarios at 3 prompt strictness levels, runs 	bundles 22 files (refs/scripts travel together)	58	keep		user approved proposed-cuts (keep)
core/skills/skill-scout/SKILL.md	skill	core-skills	Search existing local, marketplace, GitHub, and web skill sources before creating a new skill. Use when the user wants to create, build, for		140	keep		user approved proposed-cuts (keep)
core/skills/skill-stocktake/SKILL.md	skill	core-skills	Use when auditing Claude skills and commands for quality. Supports Quick Scan (changed skills only) and Full Stocktake modes with sequential	bundles 4 files (refs/scripts travel together)	194	keep		user approved proposed-cuts (keep)
core/skills/social-graph-ranker/SKILL.md	skill	core-skills	Weighted social-graph ranking for warm intro discovery, bridge scoring, and network gap analysis across X and LinkedIn. Use when the user wa		154	cut		user approved proposed-cuts (cut)
core/skills/social-publisher/SKILL.md	skill	core-skills	Agent-driven scheduling and publishing of social media posts across 13 platforms via SocialClaw. Use when the user wants to publish to X, Li		115	cut		user approved proposed-cuts (cut)
core/skills/springboot-patterns/SKILL.md	skill	core-skills	Spring Boot architecture patterns, REST API design, layered services, data access, caching, async processing, and logging. Use for Java Spri		314	cut		user approved proposed-cuts (cut)
core/skills/springboot-security/SKILL.md	skill	core-skills	Spring Security best practices for authn/authz, validation, CSRF, secrets, headers, rate limiting, and dependency security in Java Spring Bo		272	cut		user approved proposed-cuts (cut)
core/skills/springboot-tdd/SKILL.md	skill	core-skills	Test-driven development for Spring Boot using JUnit 5, Mockito, MockMvc, Testcontainers, and JaCoCo. Use when adding features, fixing bugs, 		158	cut		user approved proposed-cuts (cut)
core/skills/springboot-verification/SKILL.md	skill	core-skills	Verification loop for Spring Boot projects: build, static analysis, tests with coverage, security scans, and diff review before release or P		231	cut		user approved proposed-cuts (cut)
core/skills/strategic-compact/SKILL.md	skill	core-skills	Suggests manual context compaction at logical intervals to preserve context through task phases rather than arbitrary auto-compaction.		131	keep		user approved proposed-cuts (keep)
core/skills/swiftui-patterns/SKILL.md	skill	core-skills	SwiftUI architecture patterns, state management with @Observable, view composition, navigation, performance optimization, and modern iOS/mac		259	cut		user approved proposed-cuts (cut)
core/skills/tdd-workflow/SKILL.md	skill	core-skills	Use this skill when writing new features, fixing bugs, or refactoring code. Enforces test-driven development with 80%+ coverage including un		463	keep		user approved proposed-cuts (keep)
core/skills/team-builder/SKILL.md	skill	core-skills	Interactive agent picker for composing and dispatching parallel teams		168	keep		user approved proposed-cuts (keep)
core/skills/terminal-ops/SKILL.md	skill	core-skills	Evidence-first repo execution workflow for ECC. Use when the user wants a command run, a repo checked, a CI failure debugged, or a narrow fi		109	cut		user approved proposed-cuts (cut)
core/skills/tinystruct-patterns/SKILL.md	skill	core-skills	Expert guidance for developing with the tinystruct Java framework. Use when working on the tinystruct codebase or any project built on tinys	bundles 7 files (refs/scripts travel together)	203	cut		user approved proposed-cuts (cut)
core/skills/token-budget-advisor/SKILL.md	skill	core-skills	>-		133	keep		user approved proposed-cuts (keep)
core/skills/ui-demo/SKILL.md	skill	core-skills	Record polished UI demo videos using Playwright. Use when the user asks to create a demo, walkthrough, screen recording, or tutorial video o		465	cut		user approved proposed-cuts (cut)
core/skills/ui-to-vue/SKILL.md	skill	core-skills	Use when the user has UI screenshots or design exports that need batch conversion into Vue 3 components, especially with Vant, Element Plus,		134	keep		user approved proposed-cuts (keep)
core/skills/uncloud/SKILL.md	skill	core-skills	Use when managing an Uncloud cluster — deploying services, configuring Caddy ingress, adding static proxy routes for non-cluster devices, pu		343	cut		user approved proposed-cuts (cut)
core/skills/unified-notifications-ops/SKILL.md	skill	core-skills	Operate notifications as one ECC-native workflow across GitHub, Linear, desktop alerts, hooks, and connected communication surfaces. Use whe		187	cut		user approved proposed-cuts (cut)
core/skills/verification-loop/SKILL.md	skill	core-skills	A comprehensive verification system for Claude Code sessions.		126	keep		user approved proposed-cuts (keep)
core/skills/video-editing/SKILL.md	skill	core-skills	AI-assisted video editing workflows for cutting, structuring, and augmenting real footage. Covers the full pipeline from raw capture through		310	cut		user approved proposed-cuts (cut)
core/skills/videodb/SKILL.md	skill	core-skills	See, Understand, Act on video and audio. See- ingest from local files, URLs, RTSP/live feeds, or live record desktop; return realtime contex	bundles 12 files (refs/scripts travel together)	374	cut		user approved proposed-cuts (cut)
core/skills/visa-doc-translate/SKILL.md	skill	core-skills	Translate visa application documents (images) to English and create a bilingual PDF with original and translation	bundles 2 files (refs/scripts travel together)	117	cut		user approved proposed-cuts (cut)
core/skills/vite-patterns/SKILL.md	skill	core-skills	Vite build tool patterns including config, plugins, HMR, env variables, proxy setup, SSR, library mode, dependency pre-bundling, and build o		449	keep		user approved proposed-cuts (keep)
core/skills/windows-desktop-e2e/SKILL.md	skill	core-skills	E2E testing for Windows native desktop apps (WPF, WinForms, Win32/MFC, Qt) using pywinauto and Windows UI Automation.		887	cut		user approved proposed-cuts (cut)
core/skills/workspace-surface-audit/SKILL.md	skill	core-skills	Audit the active repo, MCP servers, plugins, connectors, env surfaces, and harness setup, then recommend the highest-value ECC-native skills		125	cut		user approved proposed-cuts (cut)
core/skills/x-api/SKILL.md	skill	core-skills	X/Twitter API integration for posting tweets, threads, reading timelines, search, and analytics. Covers OAuth auth patterns, rate limits, an		234	cut		user approved proposed-cuts (cut)
core/agents/a11y-architect.md	agent	core-agents	Accessibility Architect specializing in WCAG 2.2 compliance for Web and Native platforms. Use PROACTIVELY when designing UI components, esta		149	keep		user approved batch2 (keep)
core/agents/architect.md	agent	core-agents	Software architecture specialist for system design, scalability, and technical decision-making. Use PROACTIVELY when planning new features, 		220	keep		user approved batch2 (keep)
core/agents/build-error-resolver.md	agent	core-agents	Build and TypeScript error resolution specialist. Use PROACTIVELY when build fails or type errors occur. Fixes build/type errors only with m		123	keep		user approved batch2 (keep)
core/agents/chief-of-staff.md	agent	core-agents	Personal communication chief of staff that triages email, Slack, LINE, and Messenger. Classifies messages into 4 tiers (skip/info_only/meeti		160	cut		user approved batch2 (cut)
core/agents/code-architect.md	agent	core-agents	Designs feature architectures by analyzing existing codebase patterns and conventions, then providing implementation blueprints with concret		80	keep		user approved batch2 (keep)
core/agents/code-explorer.md	agent	core-agents	Deeply analyzes existing codebase features by tracing execution paths, mapping architecture layers, and documenting dependencies to inform n		78	keep		user approved batch2 (keep)
core/agents/code-reviewer.md	agent	core-agents	Expert code review specialist. Proactively reviews code for quality, security, and maintainability. Use immediately after writing or modifyi		323	keep		user approved batch2 (keep)
core/agents/code-simplifier.md	agent	core-agents	Simplifies and refines code for clarity, consistency, and maintainability while preserving behavior. Focus on recently modified code unless 		56	keep		user approved batch2 (keep)
core/agents/comment-analyzer.md	agent	core-agents	Analyze code comments for accuracy, completeness, maintainability, and comment rot risk.		54	keep		user approved batch2 (keep)
core/agents/conversation-analyzer.md	agent	core-agents	Use this agent when analyzing conversation transcripts to find behaviors worth preventing with hooks. Triggered by /hookify without argument		61	keep		user approved batch2 (keep)
core/agents/cpp-build-resolver.md	agent	core-agents	C++ build, CMake, and compilation error resolution specialist. Fixes build errors, linker issues, and template errors with minimal changes. 		99	cut		user approved batch2 (cut)
core/agents/cpp-reviewer.md	agent	core-agents	Expert C++ code reviewer specializing in memory safety, modern C++ idioms, concurrency, and performance. Use for all C++ code changes. MUST 		81	cut		user approved batch2 (cut)
core/agents/database-reviewer.md	agent	core-agents	PostgreSQL database specialist for query optimization, schema design, security, and performance. Use PROACTIVELY when writing SQL, creating 		100	keep		user approved batch2 (keep)
core/agents/django-build-resolver.md	agent	core-agents	Django/Python build, migration, and dependency error resolution specialist. Fixes pip/Poetry errors, migration conflicts, import errors, Dja		252	keep		user approved batch2 (keep)
core/agents/django-reviewer.md	agent	core-agents	Expert Django code reviewer specializing in ORM correctness, DRF patterns, migration safety, security misconfigurations, and production-grad		169	keep		user approved batch2 (keep)
core/agents/doc-updater.md	agent	core-agents	Documentation and codemap specialist. Use PROACTIVELY for updating codemaps and documentation. Runs /update-codemaps and /update-docs, gener		116	keep		user approved batch2 (keep)
core/agents/docs-lookup.md	agent	core-agents	When the user asks how to use a library, framework, or API or needs up-to-date code examples, use Context7 MCP to fetch current documentatio		77	keep		user approved batch2 (keep)
core/agents/e2e-runner.md	agent	core-agents	End-to-end testing specialist using Vercel Agent Browser (preferred) with Playwright fallback. Use PROACTIVELY for generating, maintaining, 		116	keep		user approved batch2 (keep)
core/agents/fastapi-reviewer.md	agent	core-agents	Reviews FastAPI applications for async correctness, dependency injection, Pydantic schemas, security, OpenAPI quality, testing, and producti		79	keep		user approved batch2 (keep)
core/agents/gan-evaluator.md	agent	core-agents	GAN Harness — Evaluator agent. Tests the live running application via Playwright, scores against rubric, and provides actionable feedback to		218	cut		user approved batch2 (cut)
core/agents/gan-generator.md	agent	core-agents	GAN Harness — Generator agent. Implements features according to the spec, reads evaluator feedback, and iterates until quality threshold is 		140	cut		user approved batch2 (cut)
core/agents/gan-planner.md	agent	core-agents	GAN Harness — Planner agent. Expands a one-line prompt into a full product specification with features, sprints, evaluation criteria, and de		108	cut		user approved batch2 (cut)
core/agents/harness-optimizer.md	agent	core-agents	Analyze and improve the local agent harness configuration for reliability, cost, and throughput.		44	keep		user approved batch2 (keep)
core/agents/healthcare-reviewer.md	agent	core-agents	Reviews healthcare application code for clinical safety, CDSS accuracy, PHI compliance, and medical data integrity. Specialized for EMR/EHR,		92	cut		user approved batch2 (cut)
core/agents/homelab-architect.md	agent	core-agents	Designs home and small-lab network plans from hardware inventory, goals, and operator experience level, with safe staged changes and rollbac		107	cut		user approved batch2 (cut)
core/agents/loop-operator.md	agent	core-agents	Operate autonomous agent loops, monitor progress, and intervene safely when loops stall.		45	keep		user approved batch2 (keep)
core/agents/marketing-agent.md	agent	core-agents	Marketing strategist and copywriter for campaign planning, audience research, positioning, copy creation, and content review. Covers landing		159	cut		user approved batch2 (cut)
core/agents/mle-reviewer.md	agent	core-agents	Production machine-learning engineering reviewer for data contracts, feature pipelines, training reproducibility, offline/online evaluation,		162	keep		user approved batch2 (keep)
core/agents/network-architect.md	agent	core-agents	Designs enterprise or multi-site network architecture from requirements, using existing network skills for focused routing, validation, auto		106	cut		user approved batch2 (cut)
core/agents/network-config-reviewer.md	agent	core-agents	Reviews router and switch configurations for security, correctness, stale references, risky change-window commands, and missing operational 		106	cut		user approved batch2 (cut)
core/agents/network-troubleshooter.md	agent	core-agents	Diagnoses network connectivity, routing, DNS, interface, and policy symptoms with a read-only OSI-layer workflow and evidence-backed root ca		128	cut		user approved batch2 (cut)
core/agents/opensource-forker.md	agent	core-agents	Fork any project for open-sourcing. Copies files, strips secrets and credentials (20+ patterns), replaces internal references with placehold		207	keep		user approved batch2 (keep)
core/agents/opensource-packager.md	agent	core-agents	Generate complete open-source packaging for a sanitized project. Produces CLAUDE.md, setup.sh, README.md, LICENSE, CONTRIBUTING.md, and GitH		258	keep		user approved batch2 (keep)
core/agents/opensource-sanitizer.md	agent	core-agents	Verify an open-source fork is fully sanitized before release. Scans for leaked secrets, PII, internal references, and dangerous files using 		197	keep		user approved batch2 (keep)
core/agents/performance-optimizer.md	agent	core-agents	Performance analysis and optimization specialist. Use PROACTIVELY for identifying bottlenecks, optimizing slow code, reducing bundle sizes, 		455	keep		user approved batch2 (keep)
core/agents/planner.md	agent	core-agents	Expert planning specialist for complex features and refactoring. Use PROACTIVELY when users request feature implementation, architectural ch		221	keep		user approved batch2 (keep)
core/agents/pr-test-analyzer.md	agent	core-agents	Review pull request test coverage quality and completeness, with emphasis on behavioral coverage and real bug prevention.		54	keep		user approved batch2 (keep)
core/agents/python-reviewer.md	agent	core-agents	Expert Python code reviewer specializing in PEP 8 compliance, Pythonic idioms, type hints, security, and performance. Use for all Python cod		107	keep		user approved batch2 (keep)
core/agents/pytorch-build-resolver.md	agent	core-agents	PyTorch runtime, CUDA, and training error resolution specialist. Fixes tensor shape mismatches, device errors, gradient issues, DataLoader p		129	keep		user approved batch2 (keep)
core/agents/refactor-cleaner.md	agent	core-agents	Dead code cleanup and consolidation specialist. Use PROACTIVELY for removing unused code, duplicates, and refactoring. Runs analysis tools (		94	keep		user approved batch2 (keep)
core/agents/security-reviewer.md	agent	core-agents	Security vulnerability detection and remediation specialist. Use PROACTIVELY after writing code that handles user input, authentication, API		117	keep		user approved batch2 (keep)
core/agents/seo-specialist.md	agent	core-agents	SEO specialist for technical SEO audits, on-page optimization, structured data, Core Web Vitals, and content/keyword mapping. Use for site a		71	cut		user approved batch2 (cut)
core/agents/silent-failure-hunter.md	agent	core-agents	Review code for silent failures, swallowed errors, bad fallbacks, and missing error propagation.		59	keep		user approved batch2 (keep)
core/agents/tdd-guide.md	agent	core-agents	Test-Driven Development specialist enforcing write-tests-first methodology. Use PROACTIVELY when writing new features, fixing bugs, or refac		100	keep		user approved batch2 (keep)
core/agents/type-design-analyzer.md	agent	core-agents	Analyze type design for encapsulation, invariant expression, usefulness, and enforcement.		50	keep		user approved batch2 (keep)
core/agents/typescript-reviewer.md	agent	core-agents	Expert TypeScript/JavaScript code reviewer specializing in type safety, async correctness, Node/web security, and idiomatic patterns. Use fo		121	keep		user approved batch2 (keep)
core/commands/aside.md	command	core-commands	Answer a quick side question without interrupting or losing context from the current task. Resume work automatically after answering.		164	keep		user approved batch2 (keep)
core/commands/auto-update.md	command	core-commands	Pull the latest ECC repo changes and reinstall the current managed targets.		28	cut		user approved batch2 (cut)
core/commands/build-fix.md	command	core-commands	Detect the project build system and incrementally fix build/type errors with minimal safe changes.		66	keep		user approved batch2 (keep)
core/commands/checkpoint.md	command	core-commands	Create, verify, or list workflow checkpoints after running verification checks.		78	keep		user approved batch2 (keep)
core/commands/code-review.md	command	core-commands	Code review — local uncommitted changes or GitHub PR (pass PR number/URL for PR mode)		289	keep		user approved batch2 (keep)
core/commands/cost-report.md	command	core-commands	Generate a local Claude Code cost report from a cost-tracker SQLite database.		107	cut		user approved batch2 (cut)
core/commands/cpp-build.md	command	core-commands	Fix C++ build errors, CMake issues, and linker problems incrementally. Invokes the cpp-build-resolver agent for minimal, surgical fixes.		173	cut		user approved batch2 (cut)
core/commands/cpp-review.md	command	core-commands	Comprehensive C++ code review for memory safety, modern C++ idioms, concurrency, and security. Invokes the cpp-reviewer agent.		132	cut		user approved batch2 (cut)
core/commands/cpp-test.md	command	core-commands	Enforce TDD workflow for C++. Write GoogleTest tests first, then implement. Verify coverage with gcov/lcov.		251	cut		user approved batch2 (cut)
core/commands/ecc-guide.md	command	core-commands	Navigate ECC's current agents, skills, commands, hooks, install profiles, and docs from the live repository surface.		93	cut		user approved batch2 (cut)
core/commands/evolve.md	command	core-commands	Analyze instincts and suggest or generate evolved structures		178	keep		user approved batch2 (keep)
core/commands/fastapi-review.md	command	core-commands	Review a FastAPI application for architecture, async correctness, dependency injection, Pydantic schemas, security, performance, and testabi		39	keep		user approved batch2 (keep)
core/commands/feature-dev.md	command	core-commands	Guided feature development with codebase understanding and architecture focus		49	keep		user approved batch2 (keep)
core/commands/gan-build.md	command	core-commands	Run a generator/evaluator build loop for implementation tasks with bounded iterations and scoring.		103	cut		user approved batch2 (cut)
core/commands/gan-design.md	command	core-commands	Run a generator/evaluator design loop for frontend or visual work with bounded iterations and scoring.		39	cut		user approved batch2 (cut)
core/commands/gradle-build.md	command	core-commands	Fix Gradle build errors for Android and KMP projects		70	cut		user approved batch2 (cut)
core/commands/harness-audit.md	command	core-commands	Run a deterministic repository harness audit and return a prioritized scorecard.		84	keep		user approved batch2 (keep)
core/commands/hookify-configure.md	command	core-commands	Enable or disable hookify rules interactively		14	keep		user approved batch2 (keep)
core/commands/hookify-help.md	command	core-commands	Get help with the hookify system		46	keep		user approved batch2 (keep)
core/commands/hookify-list.md	command	core-commands	List all configured hookify rules		21	keep		user approved batch2 (keep)
core/commands/hookify.md	command	core-commands	Create hooks to prevent unwanted behaviors from conversation analysis or explicit instructions		50	keep		user approved batch2 (keep)
core/commands/instinct-export.md	command	core-commands	Export instincts from project/global scope to a file		66	keep		user approved batch2 (keep)
core/commands/instinct-import.md	command	core-commands	Import instincts from file or URL into project/global scope		114	keep		user approved batch2 (keep)
core/commands/instinct-status.md	command	core-commands	Show learned instincts (project + global) with confidence		59	keep		user approved batch2 (keep)
core/commands/jira.md	command	core-commands	Retrieve a Jira ticket, analyze requirements, update status, or add comments. Uses the jira-integration skill and MCP or REST API.		106	cut		user approved batch2 (cut)
core/commands/learn-eval.md	command	core-commands	Extract reusable patterns from the session, self-evaluate quality before saving, and determine the right save location (Global vs Project).		116	keep		user approved batch2 (keep)
core/commands/learn.md	command	core-commands	Extract reusable patterns from the current session and save them as candidate skills or guidance.		74	keep		user approved batch2 (keep)
core/commands/loop-start.md	command	core-commands	Start a managed autonomous loop pattern with safety defaults and explicit stop conditions.		36	keep		user approved batch2 (keep)
core/commands/loop-status.md	command	core-commands	Inspect active loop state, progress, failure signals, and recommended intervention.		77	keep		user approved batch2 (keep)
core/commands/marketing-campaign.md	command	core-commands	Plan and execute a full marketing campaign. Accepts a product brief and returns positioning, landing page copy, email sequence, social posts		129	cut		user approved batch2 (cut)
core/commands/model-route.md	command	core-commands	Recommend the best model tier for the current task based on complexity, risk, and budget.		30	keep		user approved batch2 (keep)
core/commands/multi-backend.md	command	core-commands	Run a backend-focused multi-model workflow for APIs, algorithms, data, and business logic.		162	keep		user approved batch2 (keep)
core/commands/multi-execute.md	command	core-commands	Execute a multi-model implementation plan while preserving Claude as the only filesystem writer.		319	keep		user approved batch2 (keep)
core/commands/multi-frontend.md	command	core-commands	Run a frontend-focused multi-model workflow for components, layouts, animation, and UI polish.		162	keep		user approved batch2 (keep)
core/commands/multi-plan.md	command	core-commands	Create a multi-model implementation plan without modifying production code.		272	keep		user approved batch2 (keep)
core/commands/multi-workflow.md	command	core-commands	Run a full multi-model development workflow with research, planning, execution, optimization, and review.		195	keep		user approved batch2 (keep)
core/commands/plan-prd.md	command	core-commands	Generate a lean, problem-first PRD and hand off to /plan for implementation planning.		160	keep		user approved batch2 (keep)
core/commands/plan.md	command	core-commands	Restate requirements, assess risks, and create step-by-step implementation plan. WAIT for user CONFIRM before touching any code.		200	keep		user approved batch2 (keep)
core/commands/pm2.md	command	core-commands	Analyze a project and generate PM2 service commands for detected frontend, backend, or database services.		276	keep		user approved batch2 (keep)
core/commands/pr.md	command	core-commands	Create a GitHub PR from current branch with unpushed commits — discovers templates, analyzes changes, pushes		184	keep		user approved batch2 (keep)
core/commands/project-init.md	command	core-commands	Detect a project's stack and produce a dry-run ECC onboarding plan using the repository's install manifests and stack mappings.		86	cut		user approved batch2 (cut)
core/commands/projects.md	command	core-commands	List known projects and their instinct statistics		39	keep		user approved batch2 (keep)
core/commands/promote.md	command	core-commands	Promote project-scoped instincts to global scope		41	keep		user approved batch2 (keep)
core/commands/prp-commit.md	command	core-commands	Quick commit with natural language file targeting — describe what to commit in plain English		112	keep		user approved batch2 (keep)
core/commands/prp-implement.md	command	core-commands	Execute an implementation plan with rigorous validation loops		385	keep		user approved batch2 (keep)
core/commands/prp-plan.md	command	core-commands	Create comprehensive feature implementation plan with codebase analysis and pattern extraction		502	keep		user approved batch2 (keep)
core/commands/prp-pr.md	command	core-commands	Create a GitHub PR from current branch with unpushed commits — discovers templates, analyzes changes, pushes		184	keep		user approved batch2 (keep)
core/commands/prp-prd.md	command	core-commands	Interactive PRD generator - problem-first, hypothesis-driven product spec with back-and-forth questioning		447	keep		user approved batch2 (keep)
core/commands/prune.md	command	core-commands	Delete pending instincts older than 30 days that were never promoted		31	keep		user approved batch2 (keep)
core/commands/python-review.md	command	core-commands	Comprehensive Python code review for PEP 8 compliance, type hints, security, and Pythonic idioms. Invokes the python-reviewer agent.		297	keep		user approved batch2 (keep)
core/commands/quality-gate.md	command	core-commands	Run the ECC quality pipeline for a file or project scope and report remediation steps.		33	keep		user approved batch2 (keep)
core/commands/refactor-clean.md	command	core-commands	Safely identify and remove dead code with verification after each change.		84	keep		user approved batch2 (keep)
core/commands/resume-session.md	command	core-commands	Load the most recent session file from ~/.claude/session-data/ and resume work with full context from where the last session ended.		156	keep		user approved batch2 (keep)
core/commands/review-pr.md	command	core-commands	Comprehensive PR review using specialized agents		37	keep		user approved batch2 (keep)
core/commands/santa-loop.md	command	core-commands	Adversarial dual-review convergence loop — two independent model reviewers must both approve before code ships.		175	keep		user approved batch2 (keep)
core/commands/save-session.md	command	core-commands	Save current session state to a dated file in ~/.claude/session-data/ so work can be resumed in a future session with full context.		275	keep		user approved batch2 (keep)
core/commands/security-scan.md	command	core-commands	Run AgentShield against agent, hook, MCP, permission, and secret surfaces.		92	keep		user approved batch2 (keep)
core/commands/sessions.md	command	core-commands	Manage Claude Code session history, aliases, and session metadata.		339	keep		user approved batch2 (keep)
core/commands/setup-pm.md	command	core-commands	Configure your preferred package manager (npm/pnpm/yarn/bun)		80	keep		user approved batch2 (keep)
core/commands/skill-create.md	command	core-commands	Analyze local git history to extract coding patterns and generate SKILL.md files. Local version of the Skill Creator GitHub App.		174	keep		user approved batch2 (keep)
core/commands/skill-health.md	command	core-commands	Show skill portfolio health dashboard with charts and analytics		54	keep		user approved batch2 (keep)
core/commands/test-coverage.md	command	core-commands	Analyze coverage, identify gaps, and generate missing tests toward the target threshold.		73	keep		user approved batch2 (keep)
core/commands/update-codemaps.md	command	core-commands	Scan project structure and generate token-lean architecture codemaps.		76	keep		user approved batch2 (keep)
core/commands/update-docs.md	command	core-commands	Sync documentation from source-of-truth files such as scripts, schemas, routes, and exports.		88	keep		user approved batch2 (keep)
core/rules/README.md	rule	core-rules	Rules		135	keep		user approved batch2 (keep)
core/rules/angular/coding-style.md	rule	core-rules	Angular Coding Style		182	cut		user approved batch2 (cut)
core/rules/angular/hooks.md	rule	core-rules	Angular Hooks		25	cut		user approved batch2 (cut)
core/rules/angular/patterns.md	rule	core-rules	Angular Patterns		249	cut		user approved batch2 (cut)
core/rules/angular/security.md	rule	core-rules	Angular Security		87	cut		user approved batch2 (cut)
core/rules/angular/testing.md	rule	core-rules	Angular Testing		164	cut		user approved batch2 (cut)
core/rules/common/agents.md	rule	core-rules	Agent Orchestration		51	keep		user approved batch2 (keep)
core/rules/common/code-review.md	rule	core-rules	Code Review Standards		124	keep		user approved batch2 (keep)
core/rules/common/coding-style.md	rule	core-rules	Coding Style		90	keep		user approved batch2 (keep)
core/rules/common/development-workflow.md	rule	core-rules	Development Workflow		44	keep		user approved batch2 (keep)
core/rules/common/git-workflow.md	rule	core-rules	Git Workflow		24	keep		user approved batch2 (keep)
core/rules/common/hooks.md	rule	core-rules	Hooks System		30	keep		user approved batch2 (keep)
core/rules/common/patterns.md	rule	core-rules	Common Patterns		31	keep		user approved batch2 (keep)
core/rules/common/performance.md	rule	core-rules	Performance Optimization		55	keep		user approved batch2 (keep)
core/rules/common/security.md	rule	core-rules	Security Guidelines		29	keep		user approved batch2 (keep)
core/rules/common/testing.md	rule	core-rules	Testing Requirements		57	keep		user approved batch2 (keep)
core/rules/cpp/coding-style.md	rule	core-rules	C++ Coding Style		44	cut		user approved batch2 (cut)
core/rules/cpp/hooks.md	rule	core-rules	C++ Hooks		39	cut		user approved batch2 (cut)
core/rules/cpp/patterns.md	rule	core-rules	C++ Patterns		51	cut		user approved batch2 (cut)
core/rules/cpp/security.md	rule	core-rules	C++ Security		51	cut		user approved batch2 (cut)
core/rules/cpp/testing.md	rule	core-rules	C++ Testing		44	cut		user approved batch2 (cut)
core/rules/python/coding-style.md	rule	core-rules	Python Coding Style		42	keep		user approved batch2 (keep)
core/rules/python/fastapi.md	rule	core-rules	FastAPI Rules		58	keep		user approved batch2 (keep)
core/rules/python/hooks.md	rule	core-rules	Python Hooks		19	keep		user approved batch2 (keep)
core/rules/python/patterns.md	rule	core-rules	Python Patterns		39	keep		user approved batch2 (keep)
core/rules/python/security.md	rule	core-rules	Python Security		30	keep		user approved batch2 (keep)
core/rules/python/testing.md	rule	core-rules	Python Testing		38	keep		user approved batch2 (keep)
core/rules/typescript/coding-style.md	rule	core-rules	TypeScript/JavaScript Coding Style		199	keep		user approved batch2 (keep)
core/rules/typescript/hooks.md	rule	core-rules	TypeScript/JavaScript Hooks		22	keep		user approved batch2 (keep)
core/rules/typescript/patterns.md	rule	core-rules	TypeScript/JavaScript Patterns		52	keep		user approved batch2 (keep)
core/rules/typescript/security.md	rule	core-rules	TypeScript/JavaScript Security		28	keep		user approved batch2 (keep)
core/rules/typescript/testing.md	rule	core-rules	TypeScript/JavaScript Testing		18	keep		user approved batch2 (keep)
core/rules/web/coding-style.md	rule	core-rules	Web Coding Style		96	keep		user approved batch2 (keep)
core/rules/web/design-quality.md	rule	core-rules	Web Design Quality Standards		63	keep		user approved batch2 (keep)
core/rules/web/hooks.md	rule	core-rules	Web Hooks		129	keep		user approved batch2 (keep)
core/rules/web/patterns.md	rule	core-rules	Web Patterns		79	keep		user approved batch2 (keep)
core/rules/web/performance.md	rule	core-rules	Web Performance Rules		64	keep		user approved batch2 (keep)
core/rules/web/security.md	rule	core-rules	Web Security Rules		57	keep		user approved batch2 (keep)
core/rules/web/testing.md	rule	core-rules	Web Testing Rules		55	keep		user approved batch2 (keep)
core/contexts/dev.md	context	core-contexts	Development Context		20	keep		
core/contexts/research.md	context	core-contexts	Research Context		26	keep		
core/contexts/review.md	context	core-contexts	Code Review Context		22	keep		
vendored/agent-sdk-dev/agents/agent-sdk-verifier-py.md	vendored-skill	vendored	Use this agent to verify that a Python Agent SDK application is properly configured, follows SDK best practices and documentation recommenda		140	keep		user approved batch2 (keep)
vendored/agent-sdk-dev/agents/agent-sdk-verifier-ts.md	vendored-skill	vendored	Use this agent to verify that a TypeScript Agent SDK application is properly configured, follows SDK best practices and documentation recomm		145	keep		user approved batch2 (keep)
vendored/agent-sdk-dev/commands/new-sdk-app.md	vendored-skill	vendored	Create and setup a new Claude Agent SDK application		176	keep		user approved batch2 (keep)
vendored/mattpocock-skills/skills/deprecated/design-an-interface/SKILL.md	vendored-skill	vendored	Generate multiple radically different interface designs for a module using parallel sub-agents. Use when user wants to design an API, explor	DISABLED in kit.config	94	cut		kit.config disabled_artifacts; not active
vendored/mattpocock-skills/skills/deprecated/qa/SKILL.md	vendored-skill	vendored	Interactive QA session where user reports bugs or issues conversationally, and the agent files GitHub issues. Explores the codebase in the b	DISABLED in kit.config	130	cut		kit.config disabled_artifacts; not active
vendored/mattpocock-skills/skills/deprecated/request-refactor-plan/SKILL.md	vendored-skill	vendored	Create a detailed refactor plan with tiny commits via user interview, then file it as a GitHub issue. Use when user wants to plan a refactor	DISABLED in kit.config	68	cut		kit.config disabled_artifacts; not active
vendored/mattpocock-skills/skills/deprecated/ubiquitous-language/SKILL.md	vendored-skill	vendored	Extract a DDD-style ubiquitous language glossary from the current conversation, flagging ambiguities and proposing canonical terms. Saves to	DISABLED in kit.config	93	cut		kit.config disabled_artifacts; not active
vendored/mattpocock-skills/skills/engineering/diagnose/SKILL.md	vendored-skill	vendored	Disciplined diagnosis loop for hard bugs and performance regressions. Reproduce → minimise → hypothesise → instrument → fix → regression-tes		117	keep		user approved batch2 (keep)
vendored/mattpocock-skills/skills/engineering/grill-with-docs/SKILL.md	vendored-skill	vendored	Grilling session that challenges your plan against the existing domain model, sharpens terminology, and updates documentation (CONTEXT.md, A		88	keep		user approved batch2 (keep)
vendored/mattpocock-skills/skills/engineering/improve-codebase-architecture/SKILL.md	vendored-skill	vendored	Find deepening opportunities in a codebase, informed by the domain language in CONTEXT.md and the decisions in docs/adr/. Use when the user 		81	keep		user approved batch2 (keep)
vendored/mattpocock-skills/skills/engineering/prototype/SKILL.md	vendored-skill	vendored	Build a throwaway prototype to flesh out a design before committing to it. Routes between two branches — a runnable terminal app for state/b		30	keep		user approved batch2 (keep)
vendored/mattpocock-skills/skills/engineering/setup-matt-pocock-skills/SKILL.md	vendored-skill	vendored	Sets up an `## Agent skills` block in AGENTS.md/CLAUDE.md and `docs/agents/` so the engineering skills know this repo's issue tracker (GitHu		121	keep		user approved batch2 (keep)
vendored/mattpocock-skills/skills/engineering/tdd/SKILL.md	vendored-skill	vendored	Test-driven development with red-green-refactor loop. Use when user wants to build features or fix bugs using TDD, mentions "red-green-refac		109	keep		user approved batch2 (keep)
vendored/mattpocock-skills/skills/engineering/to-issues/SKILL.md	vendored-skill	vendored	Break a plan, spec, or PRD into independently-grabbable issues on the project issue tracker using tracer-bullet vertical slices. Use when us		83	keep		user approved batch2 (keep)
vendored/mattpocock-skills/skills/engineering/to-prd/SKILL.md	vendored-skill	vendored	Turn the current conversation context into a PRD and publish it to the project issue tracker. Use when user wants to create a PRD from the c		76	keep		user approved batch2 (keep)
vendored/mattpocock-skills/skills/engineering/triage/SKILL.md	vendored-skill	vendored	Triage issues through a state machine driven by triage roles. Use when user wants to create an issue, triage issues, review incoming bugs or		103	keep		user approved batch2 (keep)
vendored/mattpocock-skills/skills/engineering/zoom-out/SKILL.md	vendored-skill	vendored	Tell the agent to zoom out and give broader context or a higher-level perspective. Use when you're unfamiliar with a section of code or need		7	keep		user approved batch2 (keep)
vendored/mattpocock-skills/skills/in-progress/review/SKILL.md	vendored-skill	vendored	Review the changes since a fixed point (commit, branch, tag, or merge-base) along two axes — Standards (does the code follow this repo's doc	DISABLED in kit.config	78	cut		kit.config disabled_artifacts; not active
vendored/mattpocock-skills/skills/in-progress/writing-beats/SKILL.md	vendored-skill	vendored	Shape an article as a journey of beats, choose-your-own-adventure style. The user picks a starting beat from the raw material, you write onl	DISABLED in kit.config	52	cut		kit.config disabled_artifacts; not active
vendored/mattpocock-skills/skills/in-progress/writing-fragments/SKILL.md	vendored-skill	vendored	Grilling session that mines the user for fragments — heterogeneous nuggets of writing (claims, vignettes, sharp sentences, half-thoughts) — 	DISABLED in kit.config	75	cut		kit.config disabled_artifacts; not active
vendored/mattpocock-skills/skills/in-progress/writing-shape/SKILL.md	vendored-skill	vendored	Take a markdown file of raw material and shape it into an article through a conversational session — drafting candidate openings, growing th	DISABLED in kit.config	64	cut		kit.config disabled_artifacts; not active
vendored/mattpocock-skills/skills/misc/git-guardrails-claude-code/SKILL.md	vendored-skill	vendored	Set up Claude Code hooks to block dangerous git commands (push, reset --hard, clean, branch -D, etc.) before they execute. Use when user wan		95	keep		user approved batch2 (keep)
vendored/mattpocock-skills/skills/misc/migrate-to-shoehorn/SKILL.md	vendored-skill	vendored	Migrate test files from `as` type assertions to @total-typescript/shoehorn. Use when user mentions shoehorn, wants to replace `as` in tests,	DISABLED in kit.config	118	cut		kit.config disabled_artifacts; not active
vendored/mattpocock-skills/skills/misc/scaffold-exercises/SKILL.md	vendored-skill	vendored	Create exercise directory structures with sections, problems, solutions, and explainers that pass linting. Use when user wants to scaffold e		106	cut		user approved batch2 (cut)
vendored/mattpocock-skills/skills/misc/setup-pre-commit/SKILL.md	vendored-skill	vendored	Set up Husky pre-commit hooks with lint-staged (Prettier), type checking, and tests in the current repo. Use when user wants to add pre-comm		91	keep		user approved batch2 (keep)
vendored/mattpocock-skills/skills/personal/edit-article/SKILL.md	vendored-skill	vendored	Edit and improve articles by restructuring sections, improving clarity, and tightening prose. Use when user wants to edit, revise, or improv		14	cut		user approved batch2 (cut)
vendored/mattpocock-skills/skills/personal/obsidian-vault/SKILL.md	vendored-skill	vendored	Search, create, and manage notes in the Obsidian vault with wikilinks and index notes. Use when user wants to find, create, or organize note	DISABLED in kit.config	59	cut		kit.config disabled_artifacts; not active
vendored/mattpocock-skills/skills/productivity/caveman/SKILL.md	vendored-skill	vendored	>		49	keep		user approved batch2 (keep)
vendored/mattpocock-skills/skills/productivity/grill-me/SKILL.md	vendored-skill	vendored	Interview the user relentlessly about a plan or design until reaching shared understanding, resolving each branch of the decision tree. Use 		10	keep		user approved batch2 (keep)
vendored/mattpocock-skills/skills/productivity/handoff/SKILL.md	vendored-skill	vendored	Compact the current conversation into a handoff document for another agent to pick up.		15	keep		user approved batch2 (keep)
vendored/mattpocock-skills/skills/productivity/write-a-skill/SKILL.md	vendored-skill	vendored	Create new agent skills with proper structure, progressive disclosure, and bundled resources. Use when user wants to create, write, or build		117	keep		user approved batch2 (keep)
vendored/plugin-dev/agents/agent-creator.md	vendored-skill	vendored	Use this agent when the user asks to "create an agent", "generate an agent", "build a new agent", "make me an agent that...", or describes a		176	keep		user approved batch2 (keep)
vendored/plugin-dev/agents/plugin-validator.md	vendored-skill	vendored	Use this agent when the user asks to "validate my plugin", "check plugin structure", "verify plugin is correct", "validate plugin.json", "ch		184	keep		user approved batch2 (keep)
vendored/plugin-dev/agents/skill-reviewer.md	vendored-skill	vendored	Use this agent when the user has created or modified a skill and needs quality review, asks to "review my skill", "check skill quality", "im		184	keep		user approved batch2 (keep)
vendored/plugin-dev/commands/create-plugin.md	vendored-skill	vendored	Guided end-to-end plugin creation workflow with component design, implementation, and validation		415	keep		user approved batch2 (keep)
vendored/plugin-dev/skills/agent-development/SKILL.md	vendored-skill	vendored	This skill should be used when the user asks to "create an agent", "add an agent", "write a subagent", "agent frontmatter", "when to use des		415	keep		user approved batch2 (keep)
vendored/plugin-dev/skills/command-development/SKILL.md	vendored-skill	vendored	This skill should be used when the user asks to "create a slash command", "add a command", "write a custom command", "define command argumen		834	keep		user approved batch2 (keep)
vendored/plugin-dev/skills/hook-development/SKILL.md	vendored-skill	vendored	This skill should be used when the user asks to "create a hook", "add a PreToolUse/PostToolUse/Stop hook", "validate tool use", "implement p		712	keep		user approved batch2 (keep)
vendored/plugin-dev/skills/mcp-integration/SKILL.md	vendored-skill	vendored	This skill should be used when the user asks to "add MCP server", "integrate MCP", "configure MCP in plugin", "use .mcp.json", "set up Model		554	keep		user approved batch2 (keep)
vendored/plugin-dev/skills/plugin-settings/SKILL.md	vendored-skill	vendored	This skill should be used when the user asks about "plugin settings", "store plugin configuration", "user-configurable plugin", ".local.md f		544	keep		user approved batch2 (keep)
vendored/plugin-dev/skills/plugin-structure/SKILL.md	vendored-skill	vendored	This skill should be used when the user asks to "create a plugin", "scaffold a plugin", "understand plugin structure", "organize plugin comp		476	keep		user approved batch2 (keep)
vendored/plugin-dev/skills/skill-development/SKILL.md	vendored-skill	vendored	This skill should be used when the user wants to "create a skill", "add a skill to plugin", "write a new skill", "improve skill description"		637	keep		user approved batch2 (keep)
vendored/ralph-wiggum/commands/cancel-ralph.md	vendored-skill	vendored	Cancel active Ralph Wiggum loop		18	keep		user approved batch2 (keep)
vendored/ralph-wiggum/commands/help.md	vendored-skill	vendored	Explain Ralph Wiggum technique and available commands		126	keep		user approved batch2 (keep)
vendored/ralph-wiggum/commands/ralph-loop.md	vendored-skill	vendored	Start Ralph Wiggum loop in current session		18	keep		user approved batch2 (keep)
overlays/agents/secrets-hygiene-reviewer.md	overlay	overlays	Reviews diffs for secrets hygiene violations. Flags hardcoded credentials, hostnames, IPs, connection strings, and direct GitHub secrets ref	<-> overlays/rules/secrets.md	83	keep		user keep (batch 1a)
overlays/commands/adr.md	overlay	overlays	Create today's ADR with the next counter. Pairs with overlays/skills/adr-writer/. Default path is docs/decisions/ — override by setting adr_	<-> overlays/skills/adr-writer	40	keep		user keep (batch 1a)
overlays/commands/clean-gone.md	overlay	overlays	Cleans up all git branches marked as [gone] (branches that have been deleted on the remote but still exist locally), including removing asso		53	keep		user keep (batch 1a)
overlays/commands/status.md	overlay	overlays	Show current health of this project's stack. Delegates to scripts/status.sh if present; otherwise reports basic git state and process list. 	scripts/status.sh (missing, degrades)	33	cut		user cut (batch 1a)
overlays/rules/docs.md	overlay	overlays	docs.md		12	keep		user keep (batch 1a)
overlays/rules/secrets.md	overlay	overlays	Universal secrets hygiene policy. Auto-load on any project using schnapp-kit.	<- secrets-hygiene-reviewer, workflow-env-validator.sh	13	keep		user keep (batch 1a)
overlays/skills/adr-writer/SKILL.md	overlay	overlays	Author an Architecture Decision Record. Use when the current change is "milestone" tier (non-obvious decision, new convention, architectural		91	keep		user keep (batch 1a)
overlays/skills/audit-against-kit/SKILL.md	overlay	overlays	Scan one of the user's project repos and produce a delta report vs schnapp-kit. Use when the user says "audit <repo> against the kit", "what	fork-model: sync-upstream, promote-from-project	112	keep		cut-or-rewrite in Phase 3 (fork machinery gone); REWRITE in Phase 4 to drop fork-model deps
overlays/skills/discover-kit-additions/SKILL.md	overlay	overlays	Scan an arbitrary GitHub repo (or local path) and surface artifacts schnapp-kit doesn't yet have. Use when the user says "review this repo f	fork-model: kit.config, vendored/, core/, promote-from-project	100	keep		cut-or-rewrite in Phase 3 (fork machinery gone); REWRITE in Phase 4 to drop fork-model deps
overlays/skills/live-session-cache/SKILL.md	overlay	overlays	Capture each session turn to a chat/* branch so context survives compaction or accidental session loss. Default mode is `always` in Claude C		67	keep		user keep (batch 1a)
overlays/skills/workflow/SKILL.md	overlay	overlays	Workflow orchestration, planning, verification, and task management. Use when starting a non-trivial task, when asked how to approach a prob		45	cut		user cut (batch 1a)
language-packs/infra/rules/workflows.md	langpack	language-packs	Infrastructure / GitHub Actions conventions		29	keep		
language-packs/python/hooks/ruff-lint.sh	langpack	language-packs	PostToolUse(Edit|Write): lint Python edits with ruff via uvx		19	keep		
language-packs/sql/rules/database.md	langpack	language-packs	SQL / Database conventions — SQL Server 2022 (T-SQL)		17	keep		
language-packs/typescript/rules/web.md	langpack	language-packs	TypeScript / Next.js 15 conventions		18	keep		
core/.claude/commands/add-language-rules.md	held-cmd	core-claude-held	Workflow command scaffold for add-language-rules in everything-claude-code.		39	cut		ECC-specific scaffold/rule; node not enabled lang
core/.claude/commands/database-migration.md	held-cmd	core-claude-held	Workflow command scaffold for database-migration in everything-claude-code.		36	cut		ECC-specific scaffold/rule; node not enabled lang
core/.claude/commands/feature-development.md	held-cmd	core-claude-held	Workflow command scaffold for feature-development in everything-claude-code.		38	cut		ECC-specific scaffold/rule; node not enabled lang
core/.claude/rules/node.md	held-cmd	core-claude-held	Node.js Rules for everything-claude-code		56	cut		ECC-specific scaffold/rule; node not enabled lang
core/tests/	tree	held-machinery	ECC test suite	build-only	149	keep	-	review: keep adapted validators?; user approved batch3 (keep)
core/scripts/	tree	held-machinery	ECC build/CI/codemap scripts	build-only	167	keep	-	review: any reusable hook scripts?; user approved batch3 (keep)
core/examples/	tree	held-machinery	ECC example projects (evaluator, gan)	none	46	keep	-	likely cut; user approved batch3 (keep)
core/assets/	tree	held-machinery	images/resources	none	36	cut	-	likely cut; user approved batch3 (cut)
core/ecc2/	tree	held-machinery	ECC v2 source	none	19	cut	-	likely cut; user approved batch3 (cut)
core/src/	tree	held-machinery	ECC source (llm)	none	19	cut	-	likely cut; user approved batch3 (cut)
core/legacy-command-shims/	tree	held-machinery	legacy command compat	none	13	cut	-	likely cut; user approved batch3 (cut)
core/schemas/	tree	held-machinery	JSON validation schemas (hooks/plugin)	maybe-reusable	10	keep	-	review: keep hooks/plugin schema?; user approved batch3 (keep)
core/integrations/	tree	held-machinery	aura integration	none	7	cut	-	likely cut; user approved batch3 (cut)
core/manifests/	tree	held-machinery	install-components/modules/profiles	build-only	3	keep	-	cut (fork install machinery); user approved batch3 (keep)
core/hooks/	tree	held-machinery	core hooks + memory-persistence	maybe-reusable	4	keep	-	review vs overlays/hooks; user approved batch3 (keep)
core/mcp-configs/	tree	held-machinery	mcp-servers.json	maybe-reusable	1	keep	-	review w/ core/.mcp.json; user approved batch3 (keep)
core/config/	tree	held-machinery	project-stack-mappings.json	none	1	keep	-	likely cut; user approved batch3 (keep)
core/plugins/	tree	held-machinery	plugin defs	none	1	keep	-	likely cut; user approved batch3 (keep)
core/research/	tree	held-machinery	research materials	none	1	cut	-	likely cut; user approved batch3 (cut)
core/.mcp.json	config	held-machinery	MCP server config (root)	maybe-reusable	28	keep	-	review w/ core/mcp-configs; user approved batch3 (keep)
